-- ============================================================
-- FC ELITE — Seed Data
-- Run this in your Supabase SQL Editor after the schema migration
-- ============================================================

-- ──────────────────────────────────────────────────────────────
-- 1. LEAGUES
-- ──────────────────────────────────────────────────────────────

INSERT INTO leagues (id, name, tier, max_teams, description) VALUES
  ('11111111-1111-1111-1111-111111111111', 'Division Mondiale 1', 1, 20, 'La ligue la plus prestigieuse du FC Elite. Les meilleurs managers s''affrontent pour le titre suprême.'),
  ('22222222-2222-2222-2222-222222222222', 'Division Mondiale 2', 2, 20, 'La seconde division. Promotion et relégation en jeu chaque saison.'),
  ('33333333-3333-3333-3333-333333333333', 'Coupe de l''Élite', 1, 32, 'Compétition à élimination directe. Tous les clubs de toutes les divisions.');

-- ──────────────────────────────────────────────────────────────
-- 2. TEAMS (8 teams)
-- ──────────────────────────────────────────────────────────────

INSERT INTO teams (id, name, short_name, primary_color, budget, wage_cap) VALUES
  ('aaaa0001-0000-0000-0000-000000000001', 'FC Elite',       'FCE', '#5cfd80', 145500000.00, 2500000.00),
  ('aaaa0002-0000-0000-0000-000000000002', 'Red Wolves',     'RDW', '#e53e3e', 120000000.00, 2200000.00),
  ('aaaa0003-0000-0000-0000-000000000003', 'Neon Kings',     'NEO', '#9f7aea', 98000000.00,  1800000.00),
  ('aaaa0004-0000-0000-0000-000000000004', 'Steel City FC',  'STC', '#718096', 82000000.00,  1600000.00),
  ('aaaa0005-0000-0000-0000-000000000005', 'Azure Dragons',  'AZD', '#4299e1', 75000000.00,  1500000.00),
  ('aaaa0006-0000-0000-0000-000000000006', 'Golden Eagles',  'GLE', '#ecc94b', 68000000.00,  1400000.00),
  ('aaaa0007-0000-0000-0000-000000000007', 'Phantom FC',     'PHT', '#1a202c', 55000000.00,  1200000.00),
  ('aaaa0008-0000-0000-0000-000000000008', 'Solar United',   'SLU', '#ed8936', 60000000.00,  1300000.00);

-- ──────────────────────────────────────────────────────────────
-- 3. SEASONS
-- ──────────────────────────────────────────────────────────────

INSERT INTO seasons (id, league_id, name, start_date, end_date, is_active, current_week) VALUES
  ('bbbb0001-0000-0000-0000-000000000001', '11111111-1111-1111-1111-111111111111', 'Saison 2024-25', '2024-09-01', '2025-06-30', TRUE, 13),
  ('bbbb0002-0000-0000-0000-000000000002', '22222222-2222-2222-2222-222222222222', 'Saison 2024-25', '2024-09-01', '2025-06-30', TRUE, 13);

-- ──────────────────────────────────────────────────────────────
-- 4. STANDINGS (Division Mondiale 1)
-- ──────────────────────────────────────────────────────────────

INSERT INTO standings (season_id, team_id, played, wins, draws, losses, goals_for, goals_against, form, rank) VALUES
  ('bbbb0001-0000-0000-0000-000000000001', 'aaaa0001-0000-0000-0000-000000000001', 12, 10, 2, 0, 28, 5,  ARRAY['W','W','D','W','W'], 1),
  ('bbbb0001-0000-0000-0000-000000000001', 'aaaa0002-0000-0000-0000-000000000002', 12, 9,  1, 2, 22, 9,  ARRAY['W','L','W','W','D'], 2),
  ('bbbb0001-0000-0000-0000-000000000001', 'aaaa0003-0000-0000-0000-000000000003', 12, 8,  2, 2, 19, 11, ARRAY['D','W','W','L','W'], 3),
  ('bbbb0001-0000-0000-0000-000000000001', 'aaaa0004-0000-0000-0000-000000000004', 12, 6,  4, 2, 15, 10, ARRAY['D','D','W','W','L'], 4),
  ('bbbb0001-0000-0000-0000-000000000001', 'aaaa0005-0000-0000-0000-000000000005', 12, 5,  3, 4, 14, 15, ARRAY['L','W','D','L','W'], 5),
  ('bbbb0001-0000-0000-0000-000000000001', 'aaaa0006-0000-0000-0000-000000000006', 12, 4,  3, 5, 12, 16, ARRAY['W','L','D','L','W'], 6),
  ('bbbb0001-0000-0000-0000-000000000001', 'aaaa0007-0000-0000-0000-000000000007', 12, 2,  4, 6, 8,  18, ARRAY['L','D','L','D','L'], 7),
  ('bbbb0001-0000-0000-0000-000000000001', 'aaaa0008-0000-0000-0000-000000000008', 12, 1,  3, 8, 7,  21, ARRAY['L','L','D','L','L'], 8);

-- ──────────────────────────────────────────────────────────────
-- 5. PLAYERS (66 players — full squads)
-- ──────────────────────────────────────────────────────────────

-- == FC ELITE (11 starters + 4 subs) ==
INSERT INTO players (id, name, age, nationality, position, secondary_position, overall_rating, potential, pace, shooting, passing, dribbling, defending, physical, market_value, wage, release_clause, contract_until, team_id, star_rating) VALUES
  ('cccc0001-0000-0000-0000-000000000001', 'Thibaut Courtois',   32, 'BEL', 'GK', NULL,  90, 90, 50, 15, 40, 20, 18, 78, 35000000, 320000, 120000000, '2028-06-30', 'aaaa0001-0000-0000-0000-000000000001', 5),
  ('cccc0002-0000-0000-0000-000000000002', 'David Alaba',        32, 'AUT', 'CB', 'LB',  86, 86, 72, 55, 74, 70, 86, 80, 28000000, 280000, NULL,      '2027-06-30', 'aaaa0001-0000-0000-0000-000000000001', 4),
  ('cccc0003-0000-0000-0000-000000000003', 'Éder Militão',       26, 'BRA', 'CB', NULL,  87, 91, 78, 42, 58, 62, 88, 84, 65000000, 250000, 150000000, '2029-06-30', 'aaaa0001-0000-0000-0000-000000000001', 4),
  ('cccc0004-0000-0000-0000-000000000004', 'Ferland Mendy',      29, 'FRA', 'LB', NULL,  84, 84, 86, 48, 66, 72, 83, 80, 42000000, 210000, 90000000,  '2027-06-30', 'aaaa0001-0000-0000-0000-000000000001', 4),
  ('cccc0005-0000-0000-0000-000000000005', 'Dani Carvajal',      33, 'ESP', 'RB', NULL,  86, 86, 74, 52, 76, 72, 85, 78, 25000000, 260000, NULL,      '2026-06-30', 'aaaa0001-0000-0000-0000-000000000001', 4),
  ('cccc0006-0000-0000-0000-000000000006', 'Casemiro',           32, 'BRA', 'CDM', 'CM', 87, 87, 62, 65, 70, 68, 88, 86, 30000000, 290000, NULL,      '2027-06-30', 'aaaa0001-0000-0000-0000-000000000001', 5),
  ('cccc0007-0000-0000-0000-000000000007', 'Toni Kroos',         35, 'ALL', 'CM', NULL,  88, 88, 52, 72, 92, 80, 68, 65, 22000000, 300000, NULL,      '2025-06-30', 'aaaa0001-0000-0000-0000-000000000001', 5),
  ('cccc0008-0000-0000-0000-000000000008', 'Luka Modrić',        39, 'CRO', 'CM', 'CAM', 87, 87, 60, 72, 90, 88, 66, 60, 12000000, 280000, NULL,      '2025-06-30', 'aaaa0001-0000-0000-0000-000000000001', 5),
  ('cccc0009-0000-0000-0000-000000000009', 'Vinícius Júnior',    24, 'BRA', 'LW', 'ST',  92, 95, 96, 82, 72, 94, 30, 68, 180000000, 350000, 350000000, '2030-06-30', 'aaaa0001-0000-0000-0000-000000000001', 5),
  ('cccc0010-0000-0000-0000-000000000010', 'Rodrygo',            24, 'BRA', 'RW', 'ST',  86, 92, 88, 78, 74, 86, 32, 64, 95000000, 220000, 200000000, '2029-06-30', 'aaaa0001-0000-0000-0000-000000000001', 4),
  ('cccc0011-0000-0000-0000-000000000011', 'Karim Benzema',      37, 'FRA', 'ST', NULL,  89, 89, 70, 88, 82, 86, 38, 76, 32000000, 340000, NULL,      '2026-06-30', 'aaaa0001-0000-0000-0000-000000000001', 5),
  -- Subs
  ('cccc0012-0000-0000-0000-000000000012', 'Andriy Lunin',       26, 'UKR', 'GK', NULL,  81, 86, 48, 12, 35, 18, 15, 72, 15000000, 80000,  50000000,  '2028-06-30', 'aaaa0001-0000-0000-0000-000000000001', 3),
  ('cccc0013-0000-0000-0000-000000000013', 'Nacho Fernández',    34, 'ESP', 'CB', 'RB',  82, 82, 62, 40, 62, 58, 84, 76, 8000000,  150000, NULL,      '2025-06-30', 'aaaa0001-0000-0000-0000-000000000001', 3),
  ('cccc0014-0000-0000-0000-000000000014', 'Federico Valverde',  26, 'URU', 'CM', 'RW',  88, 93, 86, 76, 78, 82, 72, 82, 110000000, 240000, 250000000, '2029-06-30', 'aaaa0001-0000-0000-0000-000000000001', 5),
  ('cccc0015-0000-0000-0000-000000000015', 'Brahim Díaz',        25, 'MAR', 'CAM','RW',  81, 87, 80, 72, 74, 84, 28, 52, 35000000, 120000, 80000000,  '2028-06-30', 'aaaa0001-0000-0000-0000-000000000001', 3),

-- == RED WOLVES ==
  ('cccc0016-0000-0000-0000-000000000016', 'Marc-André ter Stegen', 33, 'ALL', 'GK', NULL, 89, 89, 48, 14, 65, 22, 16, 74, 30000000, 300000, NULL, '2028-06-30', 'aaaa0002-0000-0000-0000-000000000002', 5),
  ('cccc0017-0000-0000-0000-000000000017', 'Rúben Dias',          27, 'POR', 'CB', NULL,  88, 92, 64, 42, 62, 56, 90, 84, 80000000, 270000, 180000000, '2029-06-30', 'aaaa0002-0000-0000-0000-000000000002', 5),
  ('cccc0018-0000-0000-0000-000000000018', 'Alphonso Davies',     24, 'CAN', 'LB', 'LW', 86, 91, 96, 52, 70, 80, 76, 74, 58200000, 180000, 120000000, '2027-06-30', 'aaaa0002-0000-0000-0000-000000000002', 4),
  ('cccc0019-0000-0000-0000-000000000019', 'Joshua Kimmich',     30, 'ALL', 'CDM','RB',  89, 89, 68, 66, 88, 78, 84, 78, 70000000, 300000, NULL,      '2028-06-30', 'aaaa0002-0000-0000-0000-000000000002', 5),
  ('cccc0020-0000-0000-0000-000000000020', 'Kevin De Bruyne',    33, 'BEL', 'CAM','CM',  91, 91, 70, 86, 94, 84, 58, 72, 55000000, 380000, NULL,      '2026-06-30', 'aaaa0002-0000-0000-0000-000000000002', 5),
  ('cccc0021-0000-0000-0000-000000000021', 'Marcus Rashford',    27, 'ANG', 'LW', 'ST',  84, 88, 92, 80, 62, 82, 36, 76, 65500000, 250000, 140000000, '2028-06-30', 'aaaa0002-0000-0000-0000-000000000002', 4),
  ('cccc0022-0000-0000-0000-000000000022', 'Robert Lewandowski', 37, 'POL', 'ST', NULL,  88, 88, 62, 92, 72, 82, 42, 80, 22000000, 340000, NULL,      '2025-06-30', 'aaaa0002-0000-0000-0000-000000000002', 5),

-- == NEON KINGS ==
  ('cccc0023-0000-0000-0000-000000000023', 'Gianluigi Donnarumma', 26, 'ITA', 'GK', NULL, 88, 93, 50, 12, 38, 18, 16, 80, 55000000, 280000, 140000000, '2028-06-30', 'aaaa0003-0000-0000-0000-000000000003', 4),
  ('cccc0024-0000-0000-0000-000000000024', 'Marquinhos',          30, 'BRA', 'CB', 'CDM', 87, 87, 68, 40, 66, 62, 88, 82, 45000000, 260000, NULL,      '2027-06-30', 'aaaa0003-0000-0000-0000-000000000003', 4),
  ('cccc0025-0000-0000-0000-000000000025', 'Jude Bellingham',    21, 'ANG', 'CM', 'CAM', 91, 96, 78, 80, 78, 86, 68, 76, 120000000, 320000, 300000000, '2030-06-30', 'aaaa0003-0000-0000-0000-000000000003', 5),
  ('cccc0026-0000-0000-0000-000000000026', 'Ousmane Dembélé',    27, 'FRA', 'RW', 'LW',  85, 88, 94, 74, 72, 90, 30, 58, 62000000, 240000, 130000000, '2028-06-30', 'aaaa0003-0000-0000-0000-000000000003', 4),
  ('cccc0027-0000-0000-0000-000000000027', 'Lautaro Martínez',   27, 'ARG', 'ST', NULL,  88, 90, 78, 86, 64, 82, 38, 80, 85000000, 280000, 160000000, '2028-06-30', 'aaaa0003-0000-0000-0000-000000000003', 5),

-- == STEEL CITY FC ==
  ('cccc0028-0000-0000-0000-000000000028', 'Jan Oblak',           32, 'SVN', 'GK', NULL, 89, 89, 46, 10, 35, 16, 18, 76, 38000000, 300000, NULL,       '2027-06-30', 'aaaa0004-0000-0000-0000-000000000004', 5),
  ('cccc0029-0000-0000-0000-000000000029', 'Virgil van Dijk',     33, 'NED', 'CB', NULL, 88, 88, 70, 42, 68, 58, 92, 86, 35000000, 310000, NULL,       '2026-06-30', 'aaaa0004-0000-0000-0000-000000000004', 5),
  ('cccc0030-0000-0000-0000-000000000030', 'Bruno Fernandes',     30, 'POR', 'CAM','CM', 87, 88, 68, 82, 88, 82, 52, 68, 58000000, 280000, 120000000, '2027-06-30', 'aaaa0004-0000-0000-0000-000000000004', 4),
  ('cccc0031-0000-0000-0000-000000000031', 'Son Heung-min',       32, 'KOR', 'LW', 'ST', 87, 87, 86, 86, 74, 84, 38, 68, 35000000, 280000, NULL,       '2026-06-30', 'aaaa0004-0000-0000-0000-000000000004', 5),

-- == AZURE DRAGONS ==
  ('cccc0032-0000-0000-0000-000000000032', 'Alisson Becker',     32, 'BRA', 'GK', NULL,  89, 89, 50, 14, 55, 18, 16, 78, 40000000, 300000, NULL,      '2027-06-30', 'aaaa0005-0000-0000-0000-000000000005', 5),
  ('cccc0033-0000-0000-0000-000000000033', 'Pedri',              22, 'ESP', 'CM', 'CAM', 88, 95, 72, 66, 86, 90, 62, 58, 100000000, 240000, 250000000, '2030-06-30', 'aaaa0005-0000-0000-0000-000000000005', 5),
  ('cccc0034-0000-0000-0000-000000000034', 'Bukayo Saka',        23, 'ANG', 'RW', 'ST',  88, 94, 86, 80, 78, 88, 52, 68, 95000000, 260000, 200000000, '2029-06-30', 'aaaa0005-0000-0000-0000-000000000005', 5),

-- == GOLDEN EAGLES ==
  ('cccc0035-0000-0000-0000-000000000035', 'Florian Wirtz',      21, 'ALL', 'CAM','CM',  87, 95, 76, 78, 82, 88, 42, 58, 110000000, 200000, 200000000, '2029-06-30', 'aaaa0006-0000-0000-0000-000000000006', 5),
  ('cccc0036-0000-0000-0000-000000000036', 'Jamal Musiala',      22, 'ALL', 'CAM','LW',  87, 94, 78, 74, 78, 92, 36, 62, 100000000, 220000, 180000000, '2029-06-30', 'aaaa0006-0000-0000-0000-000000000006', 5),

-- == PHANTOM FC ==
  ('cccc0037-0000-0000-0000-000000000037', 'Enzo Fernández',     24, 'ARG', 'CM', 'CDM', 86, 92, 68, 72, 82, 78, 72, 76, 80000000, 200000, 160000000, '2029-06-30', 'aaaa0007-0000-0000-0000-000000000007', 4),
  ('cccc0038-0000-0000-0000-000000000038', 'Khvicha Kvaratskhelia', 24, 'GEO', 'LW', 'RW', 86, 93, 88, 78, 70, 92, 28, 62, 85000000, 180000, 150000000, '2029-06-30', 'aaaa0007-0000-0000-0000-000000000007', 4),

-- == SOLAR UNITED ==
  ('cccc0039-0000-0000-0000-000000000039', 'Aurélien Tchouaméni', 25, 'FRA', 'CDM','CM', 86, 92, 74, 68, 76, 72, 84, 82, 80000000, 220000, 160000000, '2029-06-30', 'aaaa0008-0000-0000-0000-000000000008', 4),
  ('cccc0040-0000-0000-0000-000000000040', 'Rafael Leão',         25, 'POR', 'LW', 'ST', 86, 91, 94, 78, 66, 90, 28, 68, 85000000, 240000, 175000000, '2028-06-30', 'aaaa0008-0000-0000-0000-000000000008', 4),

-- == FREE AGENTS (sur le marché) ==
  ('cccc0041-0000-0000-0000-000000000041', 'Julian Velasquez',    22, 'ARG', 'ST', NULL,  84, 92, 86, 82, 58, 80, 32, 74, 42000000, 110000, 80000000,  '2028-06-30', NULL, 3),
  ('cccc0042-0000-0000-0000-000000000042', 'Tomás Nascimento',    19, 'BRA', 'CAM','LW',  78, 93, 82, 70, 74, 86, 26, 56, 18000000, 45000,  45000000,  '2030-06-30', NULL, 3),
  ('cccc0043-0000-0000-0000-000000000043', 'Ibrahim Diallo',      20, 'SEN', 'CDM',NULL,  76, 90, 70, 52, 68, 66, 78, 80, 12000000, 35000,  30000000,  '2029-06-30', NULL, 2);

-- ──────────────────────────────────────────────────────────────
-- 6. PLAYER STATS (Season 2024-25)
-- ──────────────────────────────────────────────────────────────

INSERT INTO player_stats (player_id, season_id, team_id, appearances, goals, assists, yellow_cards, red_cards, minutes_played, shot_conversion, pass_accuracy, top_speed, mvp_awards) VALUES
  -- FC Elite
  ('cccc0001-0000-0000-0000-000000000001', 'bbbb0001-0000-0000-0000-000000000001', 'aaaa0001-0000-0000-0000-000000000001', 12, 0, 0, 1, 0, 1080, 0, 82.5, 28.2, 1),
  ('cccc0009-0000-0000-0000-000000000009', 'bbbb0001-0000-0000-0000-000000000001', 'aaaa0001-0000-0000-0000-000000000001', 12, 11, 6, 2, 0, 1050, 28.5, 78.3, 35.8, 5),
  ('cccc0011-0000-0000-0000-000000000011', 'bbbb0001-0000-0000-0000-000000000001', 'aaaa0001-0000-0000-0000-000000000001', 11, 8, 4, 1, 0, 920,  24.2, 85.1, 31.2, 3),
  ('cccc0007-0000-0000-0000-000000000007', 'bbbb0001-0000-0000-0000-000000000001', 'aaaa0001-0000-0000-0000-000000000001', 12, 2, 8, 0, 0, 1080, 18.0, 94.2, 28.6, 2),
  ('cccc0014-0000-0000-0000-000000000014', 'bbbb0001-0000-0000-0000-000000000001', 'aaaa0001-0000-0000-0000-000000000001', 10, 4, 3, 3, 0, 780,  22.1, 82.7, 33.4, 1),
  -- Red Wolves
  ('cccc0022-0000-0000-0000-000000000022', 'bbbb0001-0000-0000-0000-000000000001', 'aaaa0002-0000-0000-0000-000000000002', 12, 14, 2, 1, 0, 1050, 30.4, 76.8, 29.5, 4),
  ('cccc0020-0000-0000-0000-000000000020', 'bbbb0001-0000-0000-0000-000000000001', 'aaaa0002-0000-0000-0000-000000000002', 11, 5, 9, 2, 0, 960,  20.0, 92.1, 30.1, 3),
  ('cccc0021-0000-0000-0000-000000000021', 'bbbb0001-0000-0000-0000-000000000001', 'aaaa0002-0000-0000-0000-000000000002', 12, 6, 5, 3, 0, 1020, 22.5, 74.6, 34.8, 2),
  -- Neon Kings
  ('cccc0025-0000-0000-0000-000000000025', 'bbbb0001-0000-0000-0000-000000000001', 'aaaa0003-0000-0000-0000-000000000003', 12, 9, 7, 1, 0, 1080, 26.8, 88.4, 32.7, 4),
  ('cccc0027-0000-0000-0000-000000000027', 'bbbb0001-0000-0000-0000-000000000001', 'aaaa0003-0000-0000-0000-000000000003', 12, 10, 3, 2, 0, 1020, 31.2, 72.1, 31.5, 3);

-- ──────────────────────────────────────────────────────────────
-- 7. CAREER ENTRIES (pour Julian Velasquez — montré sur la page Profil)
-- ──────────────────────────────────────────────────────────────

INSERT INTO career_entries (player_id, team_name, start_year, end_year, appearances, goals, is_youth) VALUES
  ('cccc0041-0000-0000-0000-000000000041', 'Boca Juniors (Centre de Formation)', 2016, 2021, 0, 0, TRUE),
  ('cccc0041-0000-0000-0000-000000000041', 'FC Porto',                          2021, 2024, 88, 45, FALSE),
  ('cccc0041-0000-0000-0000-000000000041', 'Real Madrid',                        2024, NULL, 42, 26, FALSE);

-- ──────────────────────────────────────────────────────────────
-- 8. MATCHES (Journées 12 + 13)
-- ──────────────────────────────────────────────────────────────

-- Journée 12 (completed)
INSERT INTO matches (season_id, week, home_team_id, away_team_id, home_score, away_score, status, venue, scheduled_at, started_at, completed_at) VALUES
  ('bbbb0001-0000-0000-0000-000000000001', 12, 'aaaa0001-0000-0000-0000-000000000001', 'aaaa0002-0000-0000-0000-000000000002', 3, 1, 'completed', 'Stade Kinetic Arena',     '2025-03-15 20:00:00+01', '2025-03-15 20:00:00+01', '2025-03-15 21:50:00+01'),
  ('bbbb0001-0000-0000-0000-000000000001', 12, 'aaaa0003-0000-0000-0000-000000000003', 'aaaa0004-0000-0000-0000-000000000004', 2, 2, 'completed', 'Neon Dome',               '2025-03-15 18:00:00+01', '2025-03-15 18:00:00+01', '2025-03-15 19:50:00+01'),
  ('bbbb0001-0000-0000-0000-000000000001', 12, 'aaaa0005-0000-0000-0000-000000000005', 'aaaa0006-0000-0000-0000-000000000006', 1, 0, 'completed', 'Dragon Fortress',         '2025-03-16 16:00:00+01', '2025-03-16 16:00:00+01', '2025-03-16 17:50:00+01'),
  ('bbbb0001-0000-0000-0000-000000000001', 12, 'aaaa0007-0000-0000-0000-000000000007', 'aaaa0008-0000-0000-0000-000000000008', 1, 1, 'completed', 'Shadow Stadium',          '2025-03-16 20:00:00+01', '2025-03-16 20:00:00+01', '2025-03-16 21:50:00+01');

-- Journée 13 (upcoming)
INSERT INTO matches (season_id, week, home_team_id, away_team_id, status, venue, scheduled_at) VALUES
  ('bbbb0001-0000-0000-0000-000000000001', 13, 'aaaa0002-0000-0000-0000-000000000002', 'aaaa0001-0000-0000-0000-000000000001', 'scheduled', 'Red Wolves Arena',    '2025-03-29 20:00:00+01'),
  ('bbbb0001-0000-0000-0000-000000000001', 13, 'aaaa0004-0000-0000-0000-000000000004', 'aaaa0003-0000-0000-0000-000000000003', 'scheduled', 'Steel Forge Stadium', '2025-03-29 18:00:00+01'),
  ('bbbb0001-0000-0000-0000-000000000001', 13, 'aaaa0006-0000-0000-0000-000000000006', 'aaaa0005-0000-0000-0000-000000000005', 'scheduled', 'Eagle''s Nest',        '2025-03-30 16:00:00+01'),
  ('bbbb0001-0000-0000-0000-000000000001', 13, 'aaaa0008-0000-0000-0000-000000000008', 'aaaa0007-0000-0000-0000-000000000007', 'scheduled', 'Solar Complex',        '2025-03-30 20:00:00+01');

-- ──────────────────────────────────────────────────────────────
-- 9. TRANSFER WINDOW + LISTINGS
-- ──────────────────────────────────────────────────────────────

INSERT INTO transfer_windows (id, season_id, name, opens_at, closes_at, status) VALUES
  ('dddd0001-0000-0000-0000-000000000001', 'bbbb0001-0000-0000-0000-000000000001', 'Mercato Hivernal 2025', '2025-01-01 00:00:00+01', '2025-03-31 23:59:59+01', 'open');

INSERT INTO transfer_listings (window_id, player_id, selling_team_id, asking_price, listing_type, tag, tag_color, status, total_bids) VALUES
  ('dddd0001-0000-0000-0000-000000000001', 'cccc0021-0000-0000-0000-000000000021', 'aaaa0002-0000-0000-0000-000000000002', 65500000, 'listed',          'Pépite',             'error',     'active', 3),
  ('dddd0001-0000-0000-0000-000000000001', 'cccc0025-0000-0000-0000-000000000025', 'aaaa0003-0000-0000-0000-000000000003', 120000000, 'listed',         'Galactique',         'tertiary',  'active', 5),
  ('dddd0001-0000-0000-0000-000000000001', 'cccc0018-0000-0000-0000-000000000018', 'aaaa0002-0000-0000-0000-000000000002', 58200000, 'listed',          'En Vente',           'primary',   'active', 1),
  ('dddd0001-0000-0000-0000-000000000001', 'cccc0041-0000-0000-0000-000000000041', 'aaaa0001-0000-0000-0000-000000000001', 42000000, 'release_clause',  'Clause Libératoire', 'secondary', 'active', 0),
  ('dddd0001-0000-0000-0000-000000000001', 'cccc0035-0000-0000-0000-000000000035', 'aaaa0006-0000-0000-0000-000000000006', 110000000, 'listed',         'Wonderkid',          'tertiary',  'active', 2),
  ('dddd0001-0000-0000-0000-000000000001', 'cccc0042-0000-0000-0000-000000000042', 'aaaa0001-0000-0000-0000-000000000001', 18000000, 'listed',          'Jeune Talent',       'primary',   'active', 0);

-- ──────────────────────────────────────────────────────────────
-- 10. TACTICS (FC Elite default)
-- ──────────────────────────────────────────────────────────────

INSERT INTO tactics (id, team_id, name, formation, mentality, pressing, buildup_style, is_active) VALUES
  ('eeee0001-0000-0000-0000-000000000001', 'aaaa0001-0000-0000-0000-000000000001', 'Tiki-Kinetic', '4-3-3', 4, 85, 'possession', TRUE);

INSERT INTO tactic_assignments (tactic_id, player_id, position, pos_x, pos_y, is_starter, jersey_number, role_instruction) VALUES
  ('eeee0001-0000-0000-0000-000000000001', 'cccc0001-0000-0000-0000-000000000001', 'GK',  50.00, 92.00, TRUE, 1,  'Distribution longue'),
  ('eeee0001-0000-0000-0000-000000000001', 'cccc0002-0000-0000-0000-000000000002', 'CB',  35.00, 75.00, TRUE, 4,  'Relance au sol'),
  ('eeee0001-0000-0000-0000-000000000001', 'cccc0003-0000-0000-0000-000000000003', 'CB',  65.00, 75.00, TRUE, 3,  'Couvrir le centre'),
  ('eeee0001-0000-0000-0000-000000000001', 'cccc0004-0000-0000-0000-000000000004', 'LB',  12.00, 65.00, TRUE, 23, 'Déborder offensivement'),
  ('eeee0001-0000-0000-0000-000000000001', 'cccc0005-0000-0000-0000-000000000005', 'RB',  88.00, 65.00, TRUE, 2,  'Rester en retrait'),
  ('eeee0001-0000-0000-0000-000000000001', 'cccc0006-0000-0000-0000-000000000006', 'CDM', 50.00, 55.00, TRUE, 14, 'Couper les lignes de passe'),
  ('eeee0001-0000-0000-0000-000000000001', 'cccc0007-0000-0000-0000-000000000007', 'CM',  30.00, 45.00, TRUE, 8,  'Dicter le tempo'),
  ('eeee0001-0000-0000-0000-000000000001', 'cccc0008-0000-0000-0000-000000000008', 'CM',  70.00, 45.00, TRUE, 10, 'Se projeter en attaque'),
  ('eeee0001-0000-0000-0000-000000000001', 'cccc0009-0000-0000-0000-000000000009', 'LW',  15.00, 25.00, TRUE, 20, 'Couper vers l''intérieur'),
  ('eeee0001-0000-0000-0000-000000000001', 'cccc0010-0000-0000-0000-000000000010', 'RW',  85.00, 25.00, TRUE, 11, 'Rester large'),
  ('eeee0001-0000-0000-0000-000000000001', 'cccc0011-0000-0000-0000-000000000011', 'ST',  50.00, 15.00, TRUE, 9,  'Jouer en pivot'),
  -- Subs
  ('eeee0001-0000-0000-0000-000000000001', 'cccc0012-0000-0000-0000-000000000012', 'GK',  0.00,  0.00,  FALSE, 12, NULL),
  ('eeee0001-0000-0000-0000-000000000001', 'cccc0013-0000-0000-0000-000000000013', 'CB',  0.00,  0.00,  FALSE, 6,  NULL),
  ('eeee0001-0000-0000-0000-000000000001', 'cccc0014-0000-0000-0000-000000000014', 'CM',  0.00,  0.00,  FALSE, 15, NULL),
  ('eeee0001-0000-0000-0000-000000000001', 'cccc0015-0000-0000-0000-000000000015', 'CAM', 0.00,  0.00,  FALSE, 21, NULL);

-- ──────────────────────────────────────────────────────────────
-- 11. ALERTS (System notifications)
-- ──────────────────────────────────────────────────────────────

INSERT INTO alerts (category, severity, title, message, is_read, created_at) VALUES
  ('match_result',    'info',    'Résultat — Journée 12',       'Division Mondiale 1 : FC Elite (3) - (1) Red Wolves. FC Elite conforte sa position de leader. Classement mis à jour.', FALSE, NOW() - INTERVAL '2 hours'),
  ('match_result',    'info',    'Résultat — Journée 12',       'Division Mondiale 1 : Neon Kings (2) - (2) Steel City FC. Match nul spectaculaire au Neon Dome.', TRUE,  NOW() - INTERVAL '3 hours'),
  ('financial_foul',  'error',   'Infraction Financière',       'Le manager "PepG" (ID: 8821) a tenté un transfert dépassant le plafond salarial de 45%. Transaction bloquée automatiquement.', FALSE, NOW() - INTERVAL '5 hours'),
  ('transfer',        'info',    'Nouvelle Offre',              'FC Elite a reçu une offre de €85M pour Federico Valverde de la part de Golden Eagles. En attente de validation.', FALSE, NOW() - INTERVAL '6 hours'),
  ('server',          'warning', 'Charge Serveur Élevée',       'Pool de connexions à la base de données à 85% de capacité. Auto-scaling initié. Temps de réponse normalisé en 45s.', TRUE,  NOW() - INTERVAL '8 hours'),
  ('user_report',     'info',    'Signalement Joueur',          'Toxicité détectée dans le chat du Match ID: LM-992. Avertissement automatique envoyé au joueur concerné.', TRUE,  NOW() - INTERVAL '12 hours'),
  ('system',          'info',    'Maintenance Planifiée',       'Maintenance serveur prévue le 02/04/2025 de 03:00 à 05:00 CET. Le système sera indisponible pendant cette période.', FALSE, NOW() - INTERVAL '1 day'),
  ('transfer',        'warning', 'Fenêtre de Transfert',        'Attention : la fenêtre de transfert hivernale ferme dans 4 jours. Toutes les offres en cours seront automatiquement expirées.', FALSE, NOW() - INTERVAL '6 hours'),
  ('match_result',    'info',    'Résultat — Journée 12',       'Division Mondiale 1 : Azure Dragons (1) - (0) Golden Eagles. But décisif de Pedri à la 88ème minute.', TRUE,  NOW() - INTERVAL '2 days'),
  ('financial_foul',  'critical','Alerte Urgente — Fair-Play',  'Le club Solar United est en déficit de €12M par rapport au plafond autorisé. Sanctions en cours d''évaluation.', FALSE, NOW() - INTERVAL '30 minutes');

-- ============================================================
-- ✅ SEED DATA COMPLETE
-- 43 joueurs, 8 équipes, 8 matchs, 6 listings, 10 alertes
-- ============================================================
